<step title="Incoming Request" date="2026-02-09T04:18:27.819" instance="ede6ac" url="/deploy?scmType=ExternalGit&amp;isAsync=true" method="POST" type="request" pid="834,1,7" Host="edushar.scm.azurewebsites.net" User-Agent="Azure-WebSites-Controller/106.0.7.121" Authorization="Bas..." Expect="100-continue" Content-Length="83" x-ms-request-id="92631cf1-b9b4-422c-bf9d-5ef5a87a2d60" X-ARR-LOG-ID="92631cf1-b9b4-422c-bf9d-5ef5a87a2d60" CLIENT-IP="20.206.176.3:17474" X-SITE-DEPLOYMENT-ID="edushar" WAS-DEFAULT-HOSTNAME="edushar.scm.azurewebsites.net" X-MS-PLATFORM-INTERNAL="True" X-Forwarded-Proto="https" X-AppService-Proto="https" X-Forwarded-TlsVersion="1.3" X-WAWS-Unencoded-URL="/deploy?scmType=ExternalGit&amp;isAsync=true" X-Client-IP="20.206.176.3" X-Client-Port="17474" >
  <step title="FetchHandler" date="2026-02-09T04:18:29.335" >
    <step title="GitExeRepository.Initialize" date="2026-02-09T04:18:30.373" >
      <step title="Executing external process" date="2026-02-09T04:18:30.463" type="process" path="git" arguments="init" /><!-- duration: 2245ms -->
      <step title="Executing external process" date="2026-02-09T04:18:32.764" type="process" path="git" arguments="config core.autocrlf false" /><!-- duration: 193ms -->
      <step title="Executing external process" date="2026-02-09T04:18:33.001" type="process" path="git" arguments="config core.preloadindex true" /><!-- duration: 250ms -->
      <step title="Executing external process" date="2026-02-09T04:18:33.294" type="process" path="git" arguments="config user.name &quot;unknown&quot;" /><!-- duration: 592ms -->
      <step title="Executing external process" date="2026-02-09T04:18:33.995" type="process" path="git" arguments="config user.email &quot;unknown&quot;" /><!-- duration: 382ms -->
      <step title="Executing external process" date="2026-02-09T04:18:34.399" type="process" path="git" arguments="config filter.lfs.clean &quot;git-lfs clean %f&quot;" /><!-- duration: 261ms -->
      <step title="Executing external process" date="2026-02-09T04:18:34.681" type="process" path="git" arguments="config filter.lfs.smudge &quot;git-lfs smudge %f&quot;" /><!-- duration: 131ms -->
      <step title="Executing external process" date="2026-02-09T04:18:34.832" type="process" path="git" arguments="config filter.lfs.required true" /><!-- duration: 189ms -->
      <step title="Configure git server" date="2026-02-09T04:18:35.053" >
        <step title="Executing external process" date="2026-02-09T04:18:35.102" type="process" path="git" arguments="config receive.denyCurrentBranch ignore" /><!-- duration: 182ms -->
      </step><!-- duration: 280ms -->
      <step title="Create deny users for .git folder" date="2026-02-09T04:18:35.345" /><!-- duration: 220ms -->
      <step title="Configure git-credential" date="2026-02-09T04:18:35.616" >
        <step title="Executing external process" date="2026-02-09T04:18:35.806" type="process" path="git" arguments="config credential.helper &quot;!&apos;/home/site/repository/.git/hooks/git-credential-invalid.sh&apos;&quot;" /><!-- duration: 203ms -->
      </step><!-- duration: 484ms -->
      <step title="Setup post receive hook" date="2026-02-09T04:18:36.123" >
        <step title="Non-Windows enviroment, granting 755 permission to post-receive hook file" date="2026-02-09T04:18:36.188" /><!-- duration: 214ms -->
      </step><!-- duration: 318ms -->
    </step><!-- duration: 6158ms -->
    <step title="Executing external process" date="2026-02-09T04:18:36.573" type="process" path="git" arguments="log -n 1 main --" >
      <step title="Process dump" date="2026-02-09T04:18:36.753" exitCode="128" type="processOutput" /><!-- duration: 11ms -->
    </step><!-- duration: 211ms -->
    <step title="Start deployment in the background" date="2026-02-09T04:18:36.923" >
      <step title="Executing external process" date="2026-02-09T04:18:37.295" type="process" path="git" arguments="rev-parse --git-dir" /><!-- duration: 112ms -->
      <step title="Executing external process" date="2026-02-09T04:18:37.438" type="process" path="git" arguments="rev-parse --git-dir" /><!-- duration: 150ms -->
      <step title="Executing external process" date="2026-02-09T04:18:37.648" type="process" path="git" arguments="log -n 1 main --" >
        <step title="Process dump" date="2026-02-09T04:18:37.839" exitCode="128" type="processOutput" /><!-- duration: 31ms -->
      </step><!-- duration: 240ms -->
      <step title="Acquiring Deployment Lock" date="2026-02-09T04:18:37.939" /><!-- duration: 22ms -->
      <step title="Acquired Deployment Lock" date="2026-02-09T04:18:38.112" /><!-- duration: 58ms -->
    </step><!-- duration: 2072ms -->
  </step><!-- duration: 9772ms -->
  <step title="Outgoing response" date="2026-02-09T04:18:39.167" type="response" statusCode="202" statusText="Accepted" /><!-- duration: 21ms -->
</step><!-- duration: 11409ms -->
