<step title="BackgroundTrace" date="2026-02-09T04:18:36.963" instance="ede6ac" url="/deploy" method="POST" >
  <step title="Cleanup Xml Logs" date="2026-02-09T04:18:36.984" /><!-- duration: 71ms -->
  <step title="Creating temporary deployment - FetchDeploymentManager" date="2026-02-09T04:18:38.250" /><!-- duration: 32ms -->
  <step title="Creating temporary deployment" date="2026-02-09T04:18:38.412" /><!-- duration: 532ms -->
  <step title="Performing fetch based deployment" date="2026-02-09T04:18:39.963" >
    <step title="Deployment timer started" date="2026-02-09T04:19:03.762" >
      <step title="DeploymentManager.Deploy(id:01cf035020eff6cecf81bc5a8e40eab16d3d03ae)" date="2026-02-09T04:19:03.843" >
        <step title="Collecting changeset information" date="2026-02-09T04:19:04.065" /><!-- duration: 996ms -->
        <step title="Updating submodules" date="2026-02-09T04:19:05.172" /><!-- duration: 1452ms -->
        <step title="Determining deployment builder" date="2026-02-09T04:19:07.147" >
          <step title="Builder is OryxBuilder" date="2026-02-09T04:19:07.159" /><!-- duration: 19ms -->
        </step><!-- duration: 42ms -->
        <step title="PreDeployment: context.CleanOutputPath False" date="2026-02-09T04:19:07.290" >
          <step title="PreDeployment: context.OutputPath /home/site/wwwroot" date="2026-02-09T04:19:07.504" >
            <step title="Building" date="2026-02-09T04:19:07.685" >
              <step title="Executing external process" date="2026-02-09T04:19:08.073" type="process" path="bash" arguments="-c &quot;oryx build /home/site/repository -o /home/site/wwwroot --platform nodejs --platform-version 20 -p virtualenv_name= --log-file /tmp/build-debug.log  -i /tmp/8de67925defedb0 -p compress_node_modules=tar-gz | tee /tmp/oryx-build.log ; exit $PIPESTATUS &quot;" 