﻿<?xml version="1.0" encoding="utf-8"?>
<deployment>
  <id>01cf035020eff6cecf81bc5a8e40eab16d3d03ae</id>
  <author>AngelPabloSC</author>
  <deployer>GitHub</deployer>
  <authorEmail>138425945+AngelPabloSC@users.noreply.github.com</authorEmail>
  <message>Delete main_edushar-angel01.yml</message>
  <progress></progress>
  <status>Failed</status>
  <statusText>Deployment has been stopped due to SCM container restart. The restart can happen due to a management operation on site. Do not perform a management operation and a deployment operation in quick succession. Adding a small delay can help avoid any conflicts.</statusText>
  <lastSuccessEndTime />
  <receivedTime>2026-02-09T04:19:04.4580627Z</receivedTime>
  <startTime>2026-02-09T04:19:06.998401Z</startTime>
  <endTime>2026-02-09T04:23:06.3389851Z</endTime>
  <complete>True</complete>
  <is_temp>False</is_temp>
  <is_readonly>False</is_readonly>
  <buildSummary />
</deployment>