﻿<?xml version="1.0" encoding="utf-8"?>
<deployment>
  <id>temp-f6fbd671</id>
  <author>N/A</author>
  <deployer>GitHub</deployer>
  <authorEmail>N/A</authorEmail>
  <message>Fetch from https://github.com/AngelPabloSC/Edushar.git</message>
  <progress></progress>
  <status>Failed</status>
  <statusText>Deployment has been stopped due to SCM container restart. The restart can happen due to a management operation on site. Do not perform a management operation and a deployment operation in quick succession. Adding a small delay can help avoid any conflicts.</statusText>
  <lastSuccessEndTime />
  <receivedTime>2026-02-09T04:18:38.5718094Z</receivedTime>
  <startTime>2026-02-09T04:18:38.5718094Z</startTime>
  <endTime>2026-02-09T04:18:45.69363Z</endTime>
  <complete>True</complete>
  <is_temp>True</is_temp>
  <is_readonly>False</is_readonly>
  <buildSummary />
</deployment>